variant,metric,case,value,unit
bf16-trial1,step_median_seconds,value,0.0020156,s
bf16-trial1,slowest_rank_step_samples_seconds,0,0.0020347110003058333,s
bf16-trial1,slowest_rank_step_samples_seconds,1,0.002108468997903401,s
bf16-trial1,slowest_rank_step_samples_seconds,2,0.0019530130011844449,s
bf16-trial1,slowest_rank_step_samples_seconds,3,0.0019148329993186053,s
bf16-trial1,slowest_rank_step_samples_seconds,4,0.002066270972136408,s
bf16-trial1,slowest_rank_step_samples_seconds,5,0.001996465027332306,s
bf16-trial1,slowest_rank_step_samples_seconds,6,0.001845362003223272,s
bf16-trial1,slowest_rank_step_samples_seconds,7,0.0019204329582862556,s
bf16-trial1,slowest_rank_step_samples_seconds,8,0.0022164860274642706,s
bf16-trial1,slowest_rank_step_samples_seconds,9,0.002047965012025088,s
bucket01-trial1,step_median_seconds,value,0.0017545,s
bucket01-trial1,slowest_rank_step_samples_seconds,0,0.0018882290023611858,s
bucket01-trial1,slowest_rank_step_samples_seconds,1,0.0017649400397203863,s
bucket01-trial1,slowest_rank_step_samples_seconds,2,0.001755915000103414,s
bucket01-trial1,slowest_rank_step_samples_seconds,3,0.001722061017062515,s
bucket01-trial1,slowest_rank_step_samples_seconds,4,0.0016862590018718038,s
bucket01-trial1,slowest_rank_step_samples_seconds,5,0.0017000859988911543,s
bucket01-trial1,slowest_rank_step_samples_seconds,6,0.0019395039998926222,s
bucket01-trial1,slowest_rank_step_samples_seconds,7,0.0017530989716760814,s
bucket01-trial1,slowest_rank_step_samples_seconds,8,0.001932835963089019,s
bucket01-trial1,slowest_rank_step_samples_seconds,9,0.0017195940017700195,s
bucket1-trial1,step_median_seconds,value,0.0016604,s
bucket1-trial1,slowest_rank_step_samples_seconds,0,0.0017555230297148228,s
bucket1-trial1,slowest_rank_step_samples_seconds,1,0.0016259389994957019,s
bucket1-trial1,slowest_rank_step_samples_seconds,2,0.0016525189857929945,s
bucket1-trial1,slowest_rank_step_samples_seconds,3,0.001695860002655536,s
bucket1-trial1,slowest_rank_step_samples_seconds,4,0.001718622981570661,s
bucket1-trial1,slowest_rank_step_samples_seconds,5,0.001670683966949582,s
bucket1-trial1,slowest_rank_step_samples_seconds,6,0.0016476320452056825,s
bucket1-trial1,slowest_rank_step_samples_seconds,7,0.0016682089772075415,s
bucket1-trial1,slowest_rank_step_samples_seconds,8,0.001534046998131089,s
bucket1-trial1,slowest_rank_step_samples_seconds,9,0.001629434002097696,s
fp16-trial1,step_median_seconds,value,0.0020022000000000004,s
fp16-trial1,slowest_rank_step_samples_seconds,0,0.0021310540032573044,s
fp16-trial1,slowest_rank_step_samples_seconds,1,0.0020765280351042747,s
fp16-trial1,slowest_rank_step_samples_seconds,2,0.002007221046369523,s
fp16-trial1,slowest_rank_step_samples_seconds,3,0.002029206996667199,s
fp16-trial1,slowest_rank_step_samples_seconds,4,0.002064547999907518,s
fp16-trial1,slowest_rank_step_samples_seconds,5,0.0019972650334239006,s
fp16-trial1,slowest_rank_step_samples_seconds,6,0.0019080560305155814,s
fp16-trial1,slowest_rank_step_samples_seconds,7,0.00186477500028559,s
fp16-trial1,slowest_rank_step_samples_seconds,8,0.001774751999619184,s
fp16-trial1,slowest_rank_step_samples_seconds,9,0.0019148229621350765,s
power-control-trial1,step_median_seconds,value,0.0017035000000000002,s
power-control-trial1,slowest_rank_step_samples_seconds,0,0.0018045090000669006,s
power-control-trial1,slowest_rank_step_samples_seconds,1,0.001779521000571549,s
power-control-trial1,slowest_rank_step_samples_seconds,2,0.0017047720029950142,s
power-control-trial1,slowest_rank_step_samples_seconds,3,0.0018502630409784615,s
power-control-trial1,slowest_rank_step_samples_seconds,4,0.0018137799925170839,s
power-control-trial1,slowest_rank_step_samples_seconds,5,0.0017021390376612544,s
power-control-trial1,slowest_rank_step_samples_seconds,6,0.0016968330019153655,s
power-control-trial1,slowest_rank_step_samples_seconds,7,0.0015884790009295102,s
power-control-trial1,slowest_rank_step_samples_seconds,8,0.0016931669670157135,s
power-control-trial1,slowest_rank_step_samples_seconds,9,0.0016519319615326822,s
powersgd-trial1,step_median_seconds,value,0.0066307,s
powersgd-trial1,slowest_rank_step_samples_seconds,0,0.007092988002113998,s
powersgd-trial1,slowest_rank_step_samples_seconds,1,0.01040098600788042,s
powersgd-trial1,slowest_rank_step_samples_seconds,2,0.00875708300009137,s
powersgd-trial1,slowest_rank_step_samples_seconds,3,0.006168482010252774,s
powersgd-trial1,slowest_rank_step_samples_seconds,4,0.007264988962560892,s
powersgd-trial1,slowest_rank_step_samples_seconds,5,0.013350496999919415,s
powersgd-trial1,slowest_rank_step_samples_seconds,6,0.0043954699649475515,s
powersgd-trial1,slowest_rank_step_samples_seconds,7,0.004484020002564648,s
powersgd-trial1,slowest_rank_step_samples_seconds,8,0.0041310020023956895,s
powersgd-trial1,slowest_rank_step_samples_seconds,9,0.004588518000673503,s
